CoreSize,left peak dmdH_peak,left peak He_peak,left peak fwhm_left,left peak fwhm_right,right peak dmdH_peak,right peak He_peak,right peak fwhm_left,right peak fwhm_right
0,152.99744868130054,-0.010187239403456519,-0.005737575620737035,-0.013858850025809832,153.54065926190958,0.010324492356397248,0.0058905446138708475,0.013982661687603789
