CoreSize,left peak dmdH_peak,left peak He_peak,left peak fwhm_left,left peak fwhm_right,right peak dmdH_peak,right peak He_peak,right peak fwhm_left,right peak fwhm_right
0,94.93717277860726,-0.0017643454063938997,0.004280092442322551,-0.007125377804042779,98.81784027695763,0.0016899235903440092,-0.004062284618664421,0.006937804663705812
1,105.80420893573401,-0.0016233917462717834,0.003302070691053537,-0.005937812996871211,105.21631889717055,0.0014707944711377563,-0.0034760017762817093,0.005938293826351115
2,100.64140312302943,-0.0010426924879543178,0.003855397363231862,-0.005161050251987246,100.75541761735069,0.001068032265269933,-0.0036083092751145185,0.0052400598803455135
