CoreSize,left peak dmdH_peak,left peak He_peak,left peak fwhm_left,left peak fwhm_right,right peak dmdH_peak,right peak He_peak,right peak fwhm_left,right peak fwhm_right
0,109327809.96499087,-0.005389548746310365,-0.0027983558638430784,-0.007801528531787326,108395443.37871821,0.005357942797113355,0.002761713682750108,0.00777130482057717
1,132038202.87139666,-0.005106978510782923,-0.0030795179986949136,-0.006947423467299729,135182697.74401322,0.0051576546552889865,0.0031568549933587266,0.006972933786202787
2,170775166.54188022,-0.004855623522902544,-0.003413512621253426,-0.006083101529512208,169159230.06159455,0.004910759741257051,0.0034453189968082117,0.006151307516188939
