CoreSize,left peak dmdH_peak,left peak He_peak,left peak fwhm_left,left peak fwhm_right,right peak dmdH_peak,right peak He_peak,right peak fwhm_left,right peak fwhm_right,FWHM left peak (mT)
0,170.283781380951,-0.00253889655517122,0.00216868650175878,-0.00694107850300161,168.931231252339,0.00270569516316057,-0.00200551996983796,0.00708687525166282,9.10976500476039
1,199.869165800225,-0.00247909803267267,0.00132325904753971,-0.00592049832150061,201.912432165559,0.0025725170333714,-0.00124448498846901,0.00598153877782295,7.24375736904032
2,225.379771953487,-0.0019185608243476,0.00113429899432218,-0.00460189004263732,223.721791240948,0.00216697569551207,-0.000979834864401764,0.00475582991840933,5.7361890369595
