CoreSize,left peak dmdH_peak,left peak He_peak,left peak fwhm_left,left peak fwhm_right,right peak dmdH_peak,right peak He_peak,right peak fwhm_left,right peak fwhm_right,FWHM lef peak (mT)
0,209.586833851315,-0.00635046440883769,-0.00206663702385931,-0.0101637992777212,206.630313294783,0.0063948017433007,0.00208816228001565,0.0102220640075616,8.09716225386184
1,256.99547290521,-0.00618637734301919,-0.00285779733275455,-0.00901706286402963,259.50530561302,0.00612669372511972,0.00279660519783388,0.00896215362384799,6.15926553127508
2,331.549900452217,-0.00576338056180755,-0.00336227817436475,-0.00758402274459981,332.096677699626,0.00574482359820892,0.00332707886088229,0.00757195126390178,4.22174457023505
