CoreSize,left peak dmdH_peak,left peak He_peak,left peak fwhm_left,left peak fwhm_right,right peak dmdH_peak,right peak He_peak,right peak fwhm_left,right peak fwhm_right
0,91954824.34203283,-0.0030117919853232234,-0.0001811647107641963,-0.005645215768891044,91371020.52609304,0.0030249047064269063,0.0001776741539638078,0.005657939804986297
1,106033213.34510706,-0.0027482344022324015,-0.00042484830216269896,-0.004850638783913274,103908921.48430383,0.0028043211873329007,0.0004285120511486791,0.004922419728262454
2,119719979.21882965,-0.0025897358054479715,-0.0007182900061557022,-0.004121389339968171,115828402.23502216,0.00243397598240471,0.0004133552894800695,0.00407777024563242
