CoreSize,left peak dmdH_peak,left peak He_peak,left peak fwhm_left,left peak fwhm_right,right peak dmdH_peak,right peak He_peak,right peak fwhm_left,right peak fwhm_right,FWHM left peak (mT)
0,123.400692800389,-0.000132994586565268,0.00520778753038172,-0.00546413481329978,122.844140679368,7.08610067207858E-05,-0.00527179411888394,0.00544062547694871,10.6719223436815
1,134.72243702603,-4.94805443417779E-05,0.00443991992152042,-0.00454333243676896,132.757030743915,1.54463327762089E-05,-0.00453534758883642,0.00451388130684188,8.98325235828938
2,140.512183201792,-8.95351891606452E-05,0.00380703219749391,-0.00385249842082981,136.468825413293,-2.53075283343361E-05,-0.00407426392475079,0.00404714941106657,7.65953061832372
