sigma,left peak dmdH_peak,left peak He_peak,left peak fwhm_left,left peak fwhm_right,left peak fwhm,right peak dmdH_peak,right peak He_peak,right peak fwhm_left,right peak fwhm_right,right peak fwhm
0,2940608457352.012,0.0006282151815625863,0.010448682107293699,-0.00990795089852084,0.02035663300581454,2937404283117.4497,-0.0006282151815625709,-0.01044868210729371,0.00935744173841258,0.01980612384570629
1,3943448472425.855,0.0006282151815625863,0.010448682107293699,-0.009357441738412598,0.0198061238457063,3992247871359.0854,-0.0006282151815625709,-0.009907950898520899,0.00935744173841258,0.019265392636933477
2,4593479248790.99,0.0006282151815625863,0.009907950898520881,-0.009357441738412598,0.019265392636933477,4599282340866.749,-0.0006282151815625709,-0.009907950898520899,0.00935744173841258,0.019265392636933477
3,4644287929594.556,0.0006282151815625863,0.009907950898520881,-0.009357441738412598,0.019265392636933477,4691899320437.39,-4.409966438203649e-17,-0.009357441738412641,0.00935744173841258,0.01871488347682522
4,4722697707782.883,0.0006282151815625863,0.009907950898520881,-0.009357441738412598,0.019265392636933477,4638527455230.491,-4.409966438203649e-17,-0.009907950898520899,0.00935744173841258,0.019265392636933477
5,4705365142481.375,0.0006282151815625863,0.009907950898520881,-0.009357441738412598,0.019265392636933477,4703347207402.176,-0.0006282151815625709,-0.009907950898520899,0.00935744173841258,0.019265392636933477
6,4703110238441.399,2.388680238973927e-17,0.009357441738412641,-0.009357441738412598,0.01871488347682524,4666487518808.119,-4.409966438203649e-17,-0.009907950898520899,0.00935744173841258,0.019265392636933477
7,4706260185197.506,0.0006282151815625863,0.009907950898520881,-0.009357441738412598,0.019265392636933477,4744959239816.615,-0.0006282151815625709,-0.009357441738412641,0.00935744173841258,0.01871488347682522
