sigma,left peak dmdH_peak,left peak He_peak,left peak fwhm_left,left peak fwhm_right,left peak fwhm,right peak dmdH_peak,right peak He_peak,right peak fwhm_left,right peak fwhm_right,right peak fwhm
0,13015314.80320529,2.388680238973927e-17,0.010448682107293699,-0.00990795089852084,0.02035663300581454,13716006.781779107,-0.0006282151815625709,-0.01044868210729371,0.00935744173841258,0.01980612384570629
1,24673227.819163103,-0.0018821662663702518,0.0076527244331946,-0.00990795089852084,0.017560675331715438,21509923.20847749,0.0006282151815625537,-0.009357441738412641,0.011498686301446003,0.020856128039858646
2,31086710.173384015,-0.0025066646712860467,0.0052768099320408685,-0.01044868210729365,0.01572549203933452,29408399.448091056,0.004362864827930818,-0.00405524555982271,0.01097910172831124,0.015034347288133949
3,28875590.25068726,-0.0025066646712860467,0.0064775491462024,-0.010979101728311257,0.017456650874513657,27655814.741603415,0.0025066646712860624,-0.006477549146202411,0.01097910172831124,0.01745665087451365
4,28854783.836910576,-0.0037476262917144655,0.0052768099320408685,-0.010979101728311257,0.016255911660352125,32666312.105022788,0.003128689300804556,-0.004668331285614008,0.010448682107293649,0.015117013392907656
5,28031345.635682583,-0.0031286893008045935,0.0052768099320408685,-0.010979101728311257,0.016255911660352125,26791923.53962919,0.004362864827930818,-0.004668331285614008,0.011498686301446003,0.01616701758706001
