sigma,left peak dmdH_peak,left peak He_peak,left peak fwhm_left,left peak fwhm_right,left peak fwhm,right peak dmdH_peak,right peak He_peak,right peak fwhm_left,right peak fwhm_right,right peak fwhm,
0,7.73811E+12,2.39E-17,0.010448682,-0.009907951,0.020356633,7.46821E+12,-4.41E-17,-0.010448682,0.009907951,0.020356633,0.020356633
1,1.18816E+13,0.000628215,0.009907951,-0.008797698,0.018705649,1.17803E+13,-0.00125581,-0.009907951,0.009357442,0.019265393,0.018705649
2,1.75738E+13,-0.000628215,0.007652724,-0.008797698,0.016450422,1.7731E+13,0.000628215,-0.007652724,0.008797698,0.016450422,0.016450422
3,1.90203E+13,-0.00125581,0.007068625,-0.008797698,0.015866323,1.86432E+13,0.000628215,-0.007068625,0.008797698,0.015866323,0.015866323
4,1.91824E+13,-0.00125581,0.007068625,-0.008797698,0.015866323,1.93033E+13,0.00125581,-0.007068625,0.008797698,0.015866323,0.015866323
5,1.92235E+13,-0.00125581,0.007068625,-0.008797698,0.015866323,1.91631E+13,0.00125581,-0.006477549,0.008797698,0.015275247,0.015866323
6,1.91833E+13,-0.00125581,0.007068625,-0.008797698,0.015866323,1.93225E+13,0.000628215,-0.007068625,0.008797698,0.015866323,0.015866323
7,1.96374E+13,-0.000628215,0.006477549,-0.008797698,0.015275247,1.9126E+13,0.00125581,-0.007068625,0.008797698,0.015866323,0.015275247
