sigma,left peak dmdH_peak,left peak He_peak,left peak fwhm_left,left peak fwhm_right,left peak fwhm,right peak dmdH_peak,right peak He_peak,right peak fwhm_left,right peak fwhm_right,right peak fwhm,
0,19770963.65,0.000628215,0.010448682,-0.009357442,0.019806124,19591178.89,-4.41E-17,-0.009907951,0.009357442,0.019265393,0.019806124
1,29580308.49,2.39E-17,0.008797698,-0.008797698,0.017595396,30169574.69,-4.41E-17,-0.008229272,0.008797698,0.01702697,0.017595396
2,37152919.16,-0.00125581,0.007068625,-0.008797698,0.015866323,37068020.12,0.00125581,-0.007068625,0.008797698,0.015866323,0.015866323
3,37742033.35,-0.00125581,0.007068625,-0.008797698,0.015866323,37881273.82,0.00125581,-0.006477549,0.008797698,0.015275247,0.015866323
4,37763742.2,-0.00125581,0.006477549,-0.008797698,0.015275247,37223827.25,0.00125581,-0.006477549,0.008797698,0.015275247,0.015275247
5,37935983.26,-0.00125581,0.006477549,-0.008797698,0.015275247,37432859.45,0.001882166,-0.006477549,0.008797698,0.015275247,0.015275247
6,37822415.83,-0.00125581,0.006477549,-0.008797698,0.015275247,37102882.15,0.00125581,-0.006477549,0.008797698,0.015275247,0.015275247
7,37829589.28,-0.00125581,0.006477549,-0.009357442,0.015834991,37748724.65,0.00125581,-0.006477549,0.008797698,0.015275247,0.015834991
