sigma,left peak dmdH_peak,left peak He_peak,left peak fwhm_left,left peak fwhm_right,left peak fwhm,right peak dmdH_peak,right peak He_peak,right peak fwhm_left,right peak fwhm_right,right peak fwhm
0,2716163062004.2993,0.0006282151815625863,0.010979101728311296,-0.00990795089852084,0.020887052626832138,2703446519120.566,-0.0006282151815625709,-0.01044868210729371,0.009907950898520822,0.020356633005814532
1,3361717916954.9375,0.0006282151815625863,0.010979101728311296,-0.009357441738412598,0.020336543466723894,3379584528515.4575,-0.0006282151815625709,-0.01044868210729371,0.00935744173841258,0.01980612384570629
2,4315041692683.8438,0.0006282151815625863,0.010448682107293699,-0.009357441738412598,0.0198061238457063,4258716412161.321,-0.0006282151815625709,-0.01044868210729371,0.00935744173841258,0.01980612384570629
3,4482715687020.839,0.0006282151815625863,0.010448682107293699,-0.009357441738412598,0.0198061238457063,4543476322100.197,-0.0006282151815625709,-0.009907950898520899,0.00935744173841258,0.019265392636933477
4,4617138480015.244,0.0006282151815625863,0.009907950898520881,-0.009357441738412598,0.019265392636933477,4623314907449.395,-0.0006282151815625709,-0.009907950898520899,0.00935744173841258,0.019265392636933477
5,4623393065633.605,0.0006282151815625863,0.009907950898520881,-0.009357441738412598,0.019265392636933477,4609526682824.021,-0.0006282151815625709,-0.009907950898520899,0.00935744173841258,0.019265392636933477
6,4614431090765.9,0.0006282151815625863,0.009907950898520881,-0.009357441738412598,0.019265392636933477,4606546070721.676,-0.0006282151815625709,-0.009907950898520899,0.00935744173841258,0.019265392636933477
7,4650570585570.853,0.0006282151815625863,0.009907950898520881,-0.009357441738412598,0.019265392636933477,4551456254513.51,-0.0006282151815625709,-0.009907950898520899,0.00935744173841258,0.019265392636933477
